{
    "avg_prec": {
        "train": 1.0,
        "test": 0.7514002291639836
    },
    "roc_auc": {
        "train": 1.0,
        "test": 0.9264242424242424
    }
}
