{
    "avg_prec": {
        "train": 1.0,
        "test": 0.7407842891202544
    },
    "roc_auc": {
        "train": 0.9999999999999999,
        "test": 0.9279999999999999
    }
}
