{
    "avg_prec": {
        "train": 1.0,
        "test": 0.7410888544264473
    },
    "roc_auc": {
        "train": 0.9999999999999999,
        "test": 0.9206868686868687
    }
}
