{
    "avg_prec": {
        "train": 0.9983356133150935,
        "test": 0.6540975928188975
    },
    "roc_auc": {
        "train": 0.9998266843133548,
        "test": 0.8814949494949494
    }
}